{
    "cx": 320, 
    "cy": 240,
    "fx":828.14920307305,
    "fy":828.14920307305
}